variable,coef,std_err,t_stat,p_value
const,7.352855417762709,0.2864674266989551,25.667335035231524,2.7081666327059675e-145
A,-15.464465799899001,0.4599779401228876,-33.62001620288033,8.555399385740952e-248
SG_tau,0.042238136137268935,0.029126651378727553,1.4501542105906917,0.14701552068697327
Phi_tau,-0.0005308716258418723,0.0003741868960266641,-1.4187338773190044,0.15597661660188836
TAI,0.1369565800587766,0.24793777306772802,0.5523828756071177,0.580686060558177
Theta_tau,1.3850474436834714,0.10399493563000732,13.318412433189886,1.8091366569982036e-40
